datetime,PLa,PLb,PLc,PLtot,PVa,PVb,PVc,PVtot
2023-05-28 00:00:00,0.219677333,0.19,0.37,0.607900667,0.04514,0,0.06045,0.03202
2023-05-28 00:15:00,0.258804999,0.19,0.360587392,0.636835768,0.04514,0,0.06045,0.03202
2023-05-28 00:30:00,0.21974141,0.19,0.357803263,0.596124039,0.04514,0,0.06045,0.03202
2023-05-28 00:45:00,0.259474778,0.19,0.37,0.649562222,0.04514,0,0.06045,0.03202
2023-05-28 01:00:00,0.219805444,0.19,0.37,0.607950222,0.04514,0,0.06045,0.03202
2023-05-28 01:15:00,0.220013887,0.19,0.37,0.609987446,0.04514,0,0.06045,0.03202
2023-05-28 01:30:00,0.257903889,0.19,0.37,0.647798333,0.04514,0,0.06045,0.03202
2023-05-28 01:45:00,0.220177913,0.19,0.348628373,0.587132729,0.04514,0,0.06045,0.03202
2023-05-28 02:00:00,0.260544301,0.19,0.370097125,0.651857046,0.04514,0,0.06045,0.03202
2023-05-28 02:15:00,0.220051305,0.19,0.37,0.610105386,0.04514,0,0.06045,0.03202
2023-05-28 02:30:00,0.220037677,0.19,0.37,0.610069575,0.04514,0,0.06045,0.03202
2023-05-28 02:45:00,0.258266074,0.19,0.367221895,0.645405946,0.04514,0,0.06045,0.03202
2023-05-28 03:00:00,0.220145959,0.19,0.273893363,0.513953235,0.04514,0,0.06045,0.03202
2023-05-28 03:15:00,0.259314143,0.19,0.265028174,0.544247847,0.04514,0,0.06045,0.03202
2023-05-28 03:30:00,0.22034957,0.19,0.28,0.520853874,0.04514,0,0.06045,0.03202
2023-05-28 03:45:00,0.240099667,0.19,0.28,0.542182889,0.04514,0,0.06045,0.03202
2023-05-28 04:00:00,0.23732731,0.19,0.28,0.539006868,0.04514,0,0.06045,0.03202
2023-05-28 04:15:00,0.215214416,0.19,0.279916678,0.515286517,0.04514,0,0.06045,0.03202
2023-05-28 04:30:00,0.253445904,0.19,0.258334667,0.529091101,0.04514,0,0.06045,0.03202
2023-05-28 04:45:00,0.215430943,0.19,0.28,0.51635693,0.04514,0,0.06045,0.03202
2023-05-28 05:00:00,0.252748589,0.19,0.28,0.553372672,0.04514,0,0.06045,0.03202
2023-05-28 05:15:00,0.21614207,0.19,0.28,0.516681109,0.04514,0,0.06045,0.03202
2023-05-28 05:30:00,0.214601167,0.19,0.276786774,0.510330981,0.04514,0,0.06045,0.03202
2023-05-28 05:45:00,0.254551402,0.19,0.261521688,0.534050097,0.04514,0,0.06045,0.03202
2023-05-28 06:00:00,0.215425612,0.19,0.28,0.517943615,0.04514,0,0.06045,0.03202
2023-05-28 06:15:00,0.253342221,0.19,0.172585544,0.450329956,0.04514,0,0.06045,0.03202
2023-05-28 06:30:00,0.214535927,0.19,0.170020784,0.409941762,0.04514,0,0.066662966,0.049667231
2023-05-28 06:45:00,0.251953718,0.19,0.157855754,0.434018308,0.045265049,0,0.08317013,0.053913062
2023-05-28 07:00:00,0.210682556,0.19,0.161312,0.397341333,0.054000955,0,0.081869552,0.035722549
2023-05-28 07:15:00,0.210395614,0.19,0.170012554,0.409255544,0.062088958,0,0.08043,0.046531833
2023-05-28 07:30:00,0.248560586,0.19,0.17,0.438847068,0.142172634,0,0.050639377,0.1907884
2023-05-28 07:45:00,0.21032238,0.19,0.170116684,0.401476769,0.201570419,0,0.100028451,0.301498394
2023-05-28 08:00:00,0.25297484,0.19,0.148996945,0.421544349,0.253230878,0,0.14327765,0.396561899
2023-05-28 08:15:00,0.215981672,0.19,0.17,0.410012552,0.305343263,0,0.190261784,0.495503233
2023-05-28 08:30:00,0.281387771,0.19,0.17,0.477910839,0.370063554,0,0.248910497,0.619068969
2023-05-28 08:45:00,0.238038101,0.19,0.17,0.432066093,0.460404136,0,0.332433002,0.792751197
2023-05-28 09:00:00,0.216780556,0.19,0.224779444,0.462108444,0.544715037,0,0.410541512,0.955443229
2023-05-28 09:15:00,0.270099889,0.19,0.265202556,0.555012,0.654694574,0,0.513237381,1.167827986
2023-05-28 09:30:00,0.229455556,0.19,0.27,0.514544889,0.700915492,0,0.556132255,1.257129231
2023-05-28 09:45:00,0.260502372,0.19,0.27,0.549629609,0.656207632,0,0.51480625,1.170679433
2023-05-28 10:00:00,0.220200029,0.19,0.266752531,0.507340171,0.645170601,0,0.504476052,1.14983865
2023-05-28 10:15:00,0.259072076,0.19,0.243957988,0.524296971,0.804427966,0,0.652179949,1.456633251
2023-05-28 10:30:00,0.220045882,0.19,0.27,0.508664526,0.859272336,0,0.70435158,1.56383671
2023-05-28 10:45:00,0.220111127,0.19,0.269574827,0.503960239,0.93919817,0,0.779689666,1.718630201
2023-05-28 11:00:00,0.257379662,0.19,0.267542482,0.538348919,0.888918233,0,0.732177241,1.621324245
2023-05-28 11:15:00,0.453432829,0.19,0.30220643,0.772181982,0.960094282,0,0.80113781,1.761168372
2023-05-28 11:30:00,1.628062444,0.19,0.457402889,2.108046778,0.965706033,0,0.802202484,1.767849338
2023-05-28 11:45:00,1.620507,0.19,0.46,2.101573778,1.02977705,0,0.863681671,1.893427916
2023-05-28 12:00:00,1.669363222,0.19,0.400354667,2.090161111,1.386816556,0,1.200405482,2.586774853
2023-05-28 12:15:00,1.630120983,0.19,0.3549234,2.003964316,1.194918821,0,1.017487649,2.212959379
2023-05-28 12:30:00,1.637270181,0.19,0.362136791,2.019305485,1.941437866,0,1.721268882,3.662815544
2023-05-28 12:45:00,1.684109525,0.19,0.374894418,2.079902583,2.085478001,0,1.857817126,3.943754463
2023-05-28 13:00:00,1.653375715,0.19,0.375924201,2.049328925,2.098640186,0,1.868887407,3.96739035
2023-05-28 13:15:00,1.728894863,0.19,0.35570286,2.104293585,1.934650884,0,1.711790359,3.647161002
2023-05-28 13:30:00,1.697695693,0.539195777,0.375412615,2.492442679,1.637559719,0,1.435788374,3.071607359
2023-05-28 13:45:00,1.720338729,1.49243176,0.36486863,3.575649073,2.178881422,0,1.942068845,4.1210135
2023-05-28 14:00:00,1.689873889,1.518512667,0.362200111,3.567764444,1.983483737,0,1.756486347,3.740176928
2023-05-28 14:15:00,1.677790836,1.507758734,0.37,3.55245454,1.93080602,0,1.708731578,3.639562385
2023-05-28 14:30:00,1.736000089,1.529459589,0.346612622,3.609696845,1.709476819,0,1.498288746,3.208310617
2023-05-28 14:45:00,1.686275503,1.512331755,0.37,3.566270503,0.809428438,0,0.656404006,1.466014444
2023-05-28 15:00:00,1.742108082,1.541547223,0.362651939,3.643262249,0.769247781,0,0.616741374,1.385671586
2023-05-28 15:15:00,1.707748062,1.536893312,0.435455919,3.682468846,0.826930752,0,0.672673566,1.499552367
2023-05-28 15:30:00,1.680948845,1.50475334,0.453376981,3.640730531,0.313826696,0,0.197644418,0.511752606
2023-05-28 15:45:00,1.707544016,1.506437212,0.433826604,3.647813274,0.111120142,0,0.030171575,0.129237041
2023-05-28 16:00:00,1.613447333,1.459951778,0.464405556,3.537972778,0.241464407,0,0.133540108,0.375011644
2023-05-28 16:15:00,1.141953607,1.051315366,0.403824114,2.466467732,0.296244591,0,0.180863673,0.47711152
2023-05-28 16:30:00,0.220697628,0.4,0.240811565,0.489697317,0.244769918,0,0.134162148,0.378978719
2023-05-28 16:45:00,0.259451676,0.4,0.269107266,0.550948044,0.176724902,0,0.076743012,0.253466969
2023-05-28 17:00:00,0.219941642,0.4,0.262286188,0.495722972,0.129201301,0,0.038601526,0.164424385
2023-05-28 17:15:00,0.219940247,0.4,0.247278927,0.485404607,0.078617289,0,0.022418268,0.07571725
2023-05-28 17:30:00,0.25838354,0.4,0.283288833,0.554967208,0.04685608,0,0.07876289,0.049705426
2023-05-28 17:45:00,0.220180444,0.4,0.35,0.590133111,0.04653,0,0.09827,0.05358
2023-05-28 18:00:00,0.259018919,0.4,0.334181618,0.612823925,0.04653,0,0.09827,0.05358
2023-05-28 18:15:00,0.220026337,0.4,0.320429395,0.559855201,0.04653,0,0.09827,0.05358
2023-05-28 18:30:00,0.219989111,0.4,0.227190556,0.466511556,0.04653,0,0.09827,0.05358
2023-05-28 18:45:00,0.259802806,0.4,0.208723851,0.486677147,0.04653,0,0.09827,0.05358
2023-05-28 19:00:00,0.220016667,0.4,0.200262333,0.441512444,0.04653,0,0.09827,0.05358
2023-05-28 19:15:00,0.257192817,0.4,0.190262593,0.467673442,0.04653,0,0.09827,0.05358
2023-05-28 19:30:00,0.220005443,0.4,0.154260039,0.394655596,0.04653,0,0.09827,0.05358
2023-05-28 19:45:00,0.259329911,0.4,0.20417589,0.483819065,0.04653,0,0.09827,0.05358
2023-05-28 20:00:00,0.220086235,0.4,0.28,0.520147466,0.04653,0,0.09827,0.05358
2023-05-28 20:15:00,0.220005554,0.4,0.268361566,0.508322799,0.04653,0,0.09827,0.05358
2023-05-28 20:30:00,0.258589,0.4,0.270126111,0.549113667,0.04653,0,0.09827,0.05358
2023-05-28 20:45:00,0.220165355,0.4,0.28,0.520441614,0.04653,0,0.09827,0.05358
2023-05-28 21:00:00,0.258632803,0.4,0.28,0.559495149,0.04653,0,0.09827,0.05358
2023-05-28 21:15:00,0.217091556,0.4,0.258070667,0.494039,0.04653,0,0.09827,0.05358
2023-05-28 21:30:00,0.214889405,0.4,0.28,0.516939442,0.04653,0,0.09827,0.05358
2023-05-28 21:45:00,0.253535778,0.4,0.28,0.556374444,0.04653,0,0.09827,0.05358
2023-05-28 22:00:00,0.216597,0.4,0.271679111,0.509044222,0.04653,0,0.09827,0.05358
2023-05-28 22:15:00,0.255180748,0.4,0.266726083,0.542301888,0.04653,0,0.09827,0.05358
2023-05-28 22:30:00,0.217979222,0.4,0.28,0.519459667,0.04653,0,0.09827,0.05358
2023-05-28 22:45:00,0.256315754,0.4,0.28,0.557614122,0.04653,0,0.09827,0.05358
2023-05-28 23:00:00,0.218490757,0.4,0.313893481,0.552030396,0.04653,0,0.09827,0.05358
2023-05-28 23:15:00,0.219508667,0.4,0.369613667,0.605427222,0.04653,0,0.09827,0.05358
2023-05-28 23:30:00,0.257093193,0.4,0.37,0.645341039,0.04653,0,0.09827,0.05358
2023-05-28 23:45:00,0.220104304,0.4,0.357378506,0.596175285,0.04653,0,0.09827,0.05358
2023-05-29 00:00:00,0.22721436,0.4,0.37,0.617972364,0.04653,0,0.09827,0.05358
2023-05-29 00:15:00,0.219944556,0.4,0.37,0.609766778,0.04653,0,0.09827,0.05358
2023-05-29 00:30:00,0.257547646,0.4,0.37,0.647836576,0.04653,0,0.09827,0.05358
2023-05-29 00:45:00,0.220140313,0.4,0.348361348,0.587983958,0.04653,0,0.09827,0.05358
2023-05-29 01:00:00,0.257021792,0.4,0.352922533,0.630370498,0.04653,0,0.09827,0.05358
2023-05-29 01:15:00,0.2202,0.4,0.28,0.520389,0.04653,0,0.09827,0.05358
2023-05-29 01:30:00,0.220052652,0.4,0.27278256,0.512878312,0.04653,0,0.09827,0.05358
2023-05-29 01:45:00,0.257856936,0.4,0.265771547,0.543467351,0.04653,0,0.09827,0.05358
2023-05-29 02:00:00,0.215757832,0.4,0.28,0.514893373,0.04653,0,0.09827,0.05358
2023-05-29 02:15:00,0.253252444,0.4,0.28,0.552553556,0.04653,0,0.09827,0.05358
2023-05-29 02:30:00,0.213990225,0.4,0.257853374,0.489807165,0.04653,0,0.09827,0.05358
2023-05-29 02:45:00,0.251790222,0.4,0.279673333,0.551299556,0.04653,0,0.09827,0.05358
2023-05-29 03:00:00,0.21592579,0.4,0.28,0.515195248,0.04653,0,0.09827,0.05358
2023-05-29 03:15:00,0.240133296,0.4,0.272249264,0.531103582,0.04653,0,0.09827,0.05358
2023-05-29 03:30:00,0.229362286,0.4,0.26596085,0.514501678,0.04653,0,0.09827,0.05358
2023-05-29 03:45:00,0.214276701,0.4,0.28,0.515311191,0.04653,0,0.09827,0.05358
2023-05-29 04:00:00,0.252857222,0.4,0.28,0.552557444,0.04653,0,0.09827,0.05358
2023-05-29 04:15:00,0.215240921,0.4,0.257643019,0.488804063,0.04653,0,0.09827,0.05358
2023-05-29 04:30:00,0.254326403,0.4,0.279995888,0.554555991,0.04653,0,0.09827,0.05358
2023-05-29 04:45:00,0.213864704,0.4,0.28,0.513548237,0.04653,0,0.09827,0.05358
2023-05-29 05:00:00,0.25319022,0.4,0.270451792,0.541148652,0.04653,0,0.09827,0.05358
2023-05-29 05:15:00,0.214108333,0.4,0.267018889,0.499234667,0.04653,0,0.09827,0.05358
2023-05-29 05:30:00,0.21289236,0.4,0.28,0.510468044,0.04653,0,0.09827,0.05358
2023-05-29 05:45:00,0.248945889,0.4,0.28,0.548516667,0.04653,0,0.09827,0.05358
2023-05-29 06:00:00,0.211560114,0.4,0.19563737,0.431283852,0.04653,0,0.09827,0.05358
2023-05-29 06:15:00,0.253449391,0.4,0.177706665,0.456073678,0.04653,0,0.09827,0.05358
2023-05-29 06:30:00,0.219997333,0.4,0.26,0.500423778,0.04653,0,0.09827,0.05358
2023-05-29 06:45:00,0.256957295,0.4,0.240463827,0.518944585,0.061371973,0,0.070549964,0.061903359
2023-05-29 07:00:00,0.213054741,0.4,0.260080566,0.497995622,0.083896947,0,0.043009645,0.084106415
2023-05-29 07:15:00,0.243098444,0.4,0.260159667,0.532243,0.072194423,0,0.02505,0.071974831
2023-05-29 07:30:00,0.219098425,0.4,0.254768578,0.497648216,0.076101516,0,0.025718773,0.074072567
2023-05-29 07:45:00,0.212755,0.4,0.246518333,0.485540778,0.110744999,0,0.037244128,0.137226539
2023-05-29 08:00:00,0.250125093,0.4,0.26,0.535818493,0.294623608,0,0.189490416,0.484235498
2023-05-29 08:15:00,0.215128316,0.4,0.268450318,0.503504866,0.400701732,0,0.284075422,0.68478398
2023-05-29 08:30:00,0.259209672,0.4,0.240830889,0.520240588,0.62489981,0,0.492096715,1.116697295
2023-05-29 08:45:00,0.220001222,0.4,0.20921522,0.447148144,1.081357532,0,0.916144639,1.998413625
2023-05-29 09:00:00,0.258130111,0.4,0.17,0.448745111,0.777907486,0,0.633376042,1.410761329
2023-05-29 09:15:00,0.215069703,0.4,0.164647487,0.403376951,0.966924813,0,0.80910199,1.776247652
2023-05-29 09:30:00,0.211562667,0.4,0.153918,0.388634778,0.813057642,0,0.663941463,1.477301312
2023-05-29 09:45:00,0.253473019,0.353446348,0.720392386,1.177239965,0.814216601,0,0.665486223,1.479688663
2023-05-29 10:00:00,0.21994857,0.338587726,1.527986448,2.083351069,0.980344779,0,0.823612755,1.804514626
2023-05-29 10:15:00,0.902357766,1.002667963,3.831763268,5.73591531,0.985402197,0,0.825655194,1.811040363
2023-05-29 10:30:00,1.593870337,1.722890084,5.77690722,9.093799438,1.174785515,0,1.00581154,2.180795751
2023-05-29 10:45:00,1.650506274,1.72024653,5.776897279,9.147319378,1.526362585,0,1.336612958,2.862791895
2023-05-29 11:00:00,1.556411562,1.708293274,5.788058032,9.052826126,1.041250775,0,0.881421639,1.923371248
2023-05-29 11:15:00,1.616461761,1.709551569,5.839931908,9.166551847,1.081588364,0,0.917971956,1.999383353
2023-05-29 11:30:00,1.078307,1.205469667,4.433393778,6.717372444,0.921572421,0,0.767164569,1.688625507
2023-05-29 11:45:00,1.466692111,1.497074444,3.735181222,6.697920889,0.973570464,0,0.814090547,1.787755931
2023-05-29 12:00:00,1.235696805,1.024295193,3.06688569,5.326064796,0.895207712,0,0.740524857,1.63585509
2023-05-29 12:15:00,1.080306648,1.062033808,3.486005909,5.627639552,0.878845783,0,0.725950162,1.604760006
2023-05-29 12:30:00,1.118308308,1.163441512,4.178620728,6.461682356,1.055012807,0,0.890999778,1.946034869
2023-05-29 12:45:00,1.092783296,1.170550038,4.403362329,6.666995512,1.602111346,0,1.406407084,3.008654204
2023-05-29 13:00:00,1.157602556,1.195486,4.254278222,6.607883,1.547333881,0,1.356516626,2.902919617
2023-05-29 13:15:00,1.207798985,1.292529968,4.260195638,6.760514481,1.574451379,0,1.380913515,2.95561854
2023-05-29 13:30:00,1.904173762,2.00998655,4.506561104,8.420867922,0.91817566,0,0.765572815,1.683443173
2023-05-29 13:45:00,2.544202,2.618725222,4.677500444,9.840474778,1.65248278,0,1.454623274,3.106985351
2023-05-29 14:00:00,2.122058797,2.316499589,3.529871388,7.968140785,1.153443008,0,0.986021588,2.139441652
2023-05-29 14:15:00,1.685676174,1.873235366,2.485088259,6.044243792,1.570696217,0,1.378649187,2.948994537
2023-05-29 14:30:00,1.650354013,1.888294585,2.49186015,6.030622716,1.343255006,0,1.163220459,2.506582877
2023-05-29 14:45:00,1.741274444,1.901176667,2.783409111,6.425931889,0.834609384,0,0.686008888,1.5203909
2023-05-29 15:00:00,3.019758412,3.122560341,5.697865604,11.84003745,1.224099403,0,1.052742338,2.276592893
2023-05-29 15:15:00,2.742628222,2.840057222,4.915594778,10.49834089,0.784183301,0,0.639005563,1.423272862
2023-05-29 15:30:00,2.698321668,2.79412345,4.823876039,10.3164147,0.563385162,0,0.432052483,0.995366117
2023-05-29 15:45:00,2.59882,2.693109,4.563219222,9.854838889,0.440144812,0,0.319593463,0.759572474
2023-05-29 16:00:00,2.547462144,2.309267995,5.045457101,9.90241354,0.59067644,0,0.460273009,1.050813906
2023-05-29 16:15:00,1.19894707,1.270738551,4.447597764,6.91729172,0.39681824,0,0.278966902,0.675801199
2023-05-29 16:30:00,0.972471556,1.954811889,4.716569667,7.644296,0.374194884,0,0.259316394,0.633576551
2023-05-29 16:45:00,0.955662977,2.447044717,4.47703416,7.87987865,0.110286661,0,0.035903396,0.135793494
2023-05-29 17:00:00,1.098425,2.892659556,3.406598444,7.397541333,0.109865466,0,0.032744784,0.13643931
2023-05-29 17:15:00,1.041385422,2.64790892,3.935457233,7.624953382,0.050138978,0,0.02631,0.028964217
2023-05-29 17:30:00,0.852314777,2.405128815,3.486848122,6.744441914,0.04434,0,0.071433935,0.043030437
2023-05-29 17:45:00,0.919488815,2.501460544,3.751836821,7.173315479,0.04434,0,0.06221,0.03281
2023-05-29 18:00:00,1.191040778,2.230712889,3.761387778,7.182579222,0.04434,0,0.06221,0.03281
2023-05-29 18:15:00,1.163353735,1.329546126,3.425996001,5.918376007,0.04434,0,0.06221,0.03281
2023-05-29 18:30:00,0.871466852,1.024616393,2.476534704,4.373441956,0.04434,0,0.06221,0.03281
2023-05-29 18:45:00,0.860985111,0.842112,1.995250222,3.700153556,0.04434,0,0.06221,0.03281
2023-05-29 19:00:00,0.972963,1.002134,1.841445778,3.815651,0.04434,0,0.06221,0.03281
2023-05-29 19:15:00,1.064781667,1.067399667,1.959585667,4.090582556,0.04434,0,0.06221,0.03281
2023-05-29 19:30:00,0.802340905,0.746399556,1.662605721,3.137604332,0.04434,0,0.06221,0.03281
2023-05-29 19:45:00,0.812934614,0.87821754,1.667734698,2.929714406,0.04434,0,0.06221,0.03281
2023-05-29 20:00:00,0.99335322,0.823193685,1.928805937,3.616593676,0.04434,0,0.06221,0.03281
2023-05-29 20:15:00,1.000549667,0.760106222,1.933650444,3.631268556,0.04434,0,0.06221,0.03281
2023-05-29 20:30:00,0.738387118,0.599246677,1.39034838,2.536049918,0.04434,0,0.06221,0.03281
2023-05-29 20:45:00,0.220276074,0.12,0.378884593,0.624200218,0.04434,0,0.06221,0.03281
2023-05-29 21:00:00,0.257161955,0.12,0.276993044,0.559729631,0.04434,0,0.06221,0.03281
2023-05-29 21:15:00,0.220201306,0.12,0.284486735,0.53004866,0.04434,0,0.06221,0.03281
2023-05-29 21:30:00,0.258175152,0.12,0.284121627,0.56788886,0.04434,0,0.06221,0.03281
2023-05-29 21:45:00,0.220930837,0.12,0.280668282,0.530164069,0.04434,0,0.06221,0.03281
2023-05-29 22:00:00,0.258733202,0.12,0.288545059,0.571885204,0.04434,0,0.06221,0.03281
2023-05-29 22:15:00,0.221521309,0.12,0.318973122,0.562464707,0.04434,0,0.06221,0.03281
2023-05-29 22:30:00,0.250430222,0.12,0.36,0.630692889,0.04434,0,0.06221,0.03281
2023-05-29 22:45:00,0.228124188,0.12,0.341641322,0.590476312,0.04434,0,0.06221,0.03281
2023-05-29 23:00:00,0.220277667,0.12,0.334573889,0.576425,0.04434,0,0.06221,0.03281
2023-05-29 23:15:00,0.258192,0.12,0.319990222,0.598747444,0.04434,0,0.06221,0.03281
2023-05-29 23:30:00,0.220069343,0.12,0.312375761,0.555745433,0.04434,0,0.06221,0.03281
2023-05-29 23:45:00,0.259914,0.12,0.31,0.594347111,0.04434,0,0.06221,0.03281
2023-05-30 00:00:00,0.220363798,0.12,0.31,0.550832871,0.04434,0,0.06221,0.03281
2023-05-30 00:15:00,0.259532426,0.12,0.31,0.589581106,0.04434,0,0.06221,0.03281
2023-05-30 00:30:00,0.220027778,0.12,0.31,0.550051333,0.04434,0,0.06221,0.03281
2023-05-30 00:45:00,0.220142889,0.12,0.31,0.550055444,0.04434,0,0.06221,0.03281
2023-05-30 01:00:00,0.256726881,0.12,0.31,0.585707017,0.04434,0,0.06221,0.03281
2023-05-30 01:15:00,0.219816606,0.12,0.281907914,0.519205332,0.04434,0,0.06221,0.03281
2023-05-30 01:30:00,0.257107948,0.12,0.272518447,0.549186114,0.04434,0,0.06221,0.03281
2023-05-30 01:45:00,0.220429395,0.12,0.28,0.520861124,0.04434,0,0.06221,0.03281
2023-05-30 02:00:00,0.256008021,0.12,0.28,0.557055536,0.04434,0,0.06221,0.03281
2023-05-30 02:15:00,0.218914556,0.12,0.326665111,0.566838889,0.04434,0,0.06221,0.03281
2023-05-30 02:30:00,0.256314111,0.12,0.367866778,0.642051444,0.04434,0,0.06221,0.03281
2023-05-30 02:45:00,0.218696367,0.12,0.37,0.60609877,0.04434,0,0.06221,0.03281
2023-05-30 03:00:00,0.256935887,0.12,0.37,0.645850377,0.04434,0,0.06221,0.03281
2023-05-30 03:15:00,0.218121444,0.12,0.37,0.606829222,0.04434,0,0.06221,0.03281
2023-05-30 03:30:00,0.245413667,0.12,0.37,0.634413667,0.04434,0,0.06221,0.03281
2023-05-30 03:45:00,0.227350222,0.12,0.368920556,0.615220889,0.04434,0,0.06221,0.03281
2023-05-30 04:00:00,0.218883061,0.12,0.273545179,0.511875493,0.04434,0,0.06221,0.03281
2023-05-30 04:15:00,0.254075967,0.12,0.28,0.557885528,0.04434,0,0.06221,0.03281
2023-05-30 04:30:00,0.216313643,0.12,0.28,0.520044457,0.04434,0,0.06221,0.03281
2023-05-30 04:45:00,0.254534889,0.12,0.28,0.557718222,0.04434,0,0.06221,0.03281
2023-05-30 05:00:00,0.214829111,0.12,0.28,0.519798333,0.04434,0,0.06221,0.03281
2023-05-30 05:15:00,0.252585948,0.12,0.279079367,0.555813163,0.04434,0,0.06221,0.03281
2023-05-30 05:30:00,0.214873576,0.12,0.259477633,0.492932704,0.04434,0,0.06221,0.03281
2023-05-30 05:45:00,0.251386778,0.12,0.28,0.553725778,0.04434,0,0.06221,0.03281
2023-05-30 06:00:00,0.212644647,0.12,0.274956784,0.509330312,0.045252456,0,0.064791623,0.036513993
2023-05-30 06:15:00,0.249045693,0.12,0.17,0.445858931,0.088587738,0,0.047825109,0.097028582
2023-05-30 06:30:00,0.210062547,0.12,0.162596987,0.394274208,0.147401089,0,0.060824919,0.208156989
2023-05-30 06:45:00,0.212680435,0.12,0.156419861,0.391260629,0.246192402,0,0.14404269,0.390197743
2023-05-30 07:00:00,0.255082222,0.12,0.170025,0.448113556,0.331374925,0,0.220107061,0.551405047
2023-05-30 07:15:00,0.212120333,0.12,0.17,0.410148333,0.441282523,0,0.32133303,0.762557618
2023-05-30 07:30:00,0.247481036,0.12,0.17,0.446778436,0.467181257,0,0.346939747,0.814469325
2023-05-30 07:45:00,0.210221029,0.12,0.149362359,0.382046051,0.312253668,0,0.20480541,0.516950993
2023-05-30 08:00:00,0.252800445,0.12,0.169692026,0.448333315,0.704624291,0,0.56738616,1.271783281
2023-05-30 08:15:00,0.210079089,0.12,0.17,0.406566509,0.818415322,0,0.674079817,1.492477253
2023-05-30 08:30:00,0.250570714,0.2449985,0.955955988,1.409555765,1.151547272,0,0.985174614,2.136575908
2023-05-30 08:45:00,0.211817333,0.347739556,1.615113889,2.177878222,0.879500047,0,0.730128115,1.609889765
2023-05-30 09:00:00,0.251380283,0.34622316,1.593538017,2.19203288,0.924730931,0,0.770600161,1.694655956
2023-05-30 09:15:00,0.219914111,0.345575667,1.627108889,2.190366,1.291974599,0,1.116991176,2.409089883
2023-05-30 09:30:00,0.219397167,0.347482477,1.629339406,2.192562066,1.592006906,0,1.399512896,2.992114638
2023-05-30 09:45:00,0.253015607,0.464984104,2.99647729,3.715737867,1.713340546,0,1.514834804,3.227423499
2023-05-30 10:00:00,0.211341734,1.454539494,5.757784038,7.425947904,1.869405443,0,1.661208725,3.530637511
2023-05-30 10:15:00,0.249525909,2.178296695,6.941161011,9.37085865,1.603145327,0,1.41202039,3.01609166
2023-05-30 10:30:00,0.210133444,2.239384222,7.815084111,10.26634933,1.822127083,0,1.619173624,3.441576886
2023-05-30 10:45:00,0.685651681,2.590901917,8.373379717,11.6509875,1.81110128,0,1.609168027,3.420567592
2023-05-30 11:00:00,1.663984691,3.512044616,9.238811159,14.41480003,1.980867593,0,1.765953342,3.747075075
2023-05-30 11:15:00,1.624695222,3.499894222,8.138532111,13.26257844,1.860585247,0,1.653486752,3.513191036
2023-05-30 11:30:00,1.108377229,2.985779506,7.732647709,11.8258456,2.174223557,0,1.949015361,4.124271681
2023-05-30 11:45:00,1.125092983,2.822790147,6.742116648,10.69089859,1.138205673,0,0.971209839,2.109445832
2023-05-30 12:00:00,1.147663072,2.985554383,7.765574042,11.89886102,2.062875085,0,1.840918213,3.902607392
2023-05-30 12:15:00,1.111205779,2.975935204,7.803917533,11.89132792,1.191727303,0,1.022478382,2.216069408
2023-05-30 12:30:00,1.072883028,2.937120527,7.663213758,11.67338984,1.836785639,0,1.627672775,3.464095158
2023-05-30 12:45:00,0.951181444,2.875757667,7.604071222,11.430916,0.844357412,0,0.693053456,1.537639506
2023-05-30 13:00:00,0.92592509,2.809288469,7.652553265,11.38741662,1.41017179,0,1.224933364,2.634602284
2023-05-30 13:15:00,1.091871667,3.005329667,7.557551444,11.65377411,2.178365056,0,1.94421034,4.12259781
2023-05-30 13:30:00,1.158316667,3.043050444,7.783787222,11.98462144,2.114655178,0,1.882991046,3.99770393
2023-05-30 13:45:00,1.046875306,3.777101609,7.746317491,12.57008143,0.990914469,0,0.829844907,1.821122269
2023-05-30 14:00:00,0.888153222,3.862785889,7.420364778,12.17154478,0.795230075,0,0.647699321,1.443231257
2023-05-30 14:15:00,1.013617106,3.995497917,7.936380894,12.94616162,0.549863408,0,0.420101853,0.969847506
2023-05-30 14:30:00,1.1328296,3.971028915,7.880035338,12.98412777,0.463827667,0,0.340448558,0.804348911
2023-05-30 14:45:00,1.168485869,3.042988379,7.928511754,12.14065936,0.567683729,0,0.437946944,1.00556676
2023-05-30 15:00:00,0.279095971,2.355570547,6.94798633,9.582623062,1.124903758,0,0.95747436,2.08243794
2023-05-30 15:15:00,0.269277111,2.407506556,7.356434778,10.03445378,1.17644686,0,1.00708455,2.183082108
2023-05-30 15:30:00,0.251718863,1.913557708,7.035899148,9.201323253,1.486287009,0,1.297969469,2.784640658
2023-05-30 15:45:00,0.277936871,0.856873465,7.523105752,8.657958433,1.067013148,0,0.90142782,1.968130082
2023-05-30 16:00:00,0.232739795,0.834719911,7.591639433,8.659451708,1.124800844,0,0.956806245,2.081773846
2023-05-30 16:15:00,0.265443667,0.799998778,6.903032778,7.968694111,0.909320989,0,0.754667302,1.664005681
2023-05-30 16:30:00,0.468286444,1.000395556,7.468355556,8.937809333,0.674064563,0,0.53565927,1.20974423
2023-05-30 16:45:00,1.640307959,2.098672066,7.508940252,11.24783962,0.516436097,0,0.390494661,0.907192852
2023-05-30 17:00:00,1.151998711,1.535131443,7.126043262,9.813501106,0.312195707,0,0.202726735,0.514906476
2023-05-30 17:15:00,1.119747848,1.548526965,7.087865593,9.756413774,0.115672604,0,0.038294247,0.145977854
2023-05-30 17:30:00,1.153063,1.569041,6.837447556,9.558638222,0.051798817,0,0.046485123,0.048090696
2023-05-30 17:45:00,1.121816869,1.542732413,6.237715082,8.903144025,0.04544,0,0.10976,0.06262
2023-05-30 18:00:00,1.126977153,1.425475063,6.240847669,8.793037072,0.04544,0,0.10976,0.06262
2023-05-30 18:15:00,1.229211664,1.403692978,4.979135431,7.610906242,0.04544,0,0.10976,0.06262
2023-05-30 18:30:00,0.943385785,0.701808574,1.846169823,3.491836245,0.04544,0,0.10976,0.06262
2023-05-30 18:45:00,1.048039,0.805422889,1.946353778,3.799813111,0.04544,0,0.10976,0.06262
2023-05-30 19:00:00,0.982012398,0.763860374,1.891486913,3.637360019,0.04544,0,0.10976,0.06262
2023-05-30 19:15:00,0.816229386,0.545684647,1.641501534,3.00593568,0.04544,0,0.10976,0.06262
2023-05-30 19:30:00,0.812188392,0.578667259,1.680962399,3.072933963,0.04544,0,0.10976,0.06262
2023-05-30 19:45:00,1.043839221,0.786878327,1.963890229,3.794938491,0.04544,0,0.10976,0.06262
2023-05-30 20:00:00,0.864159333,0.633378111,1.786075,3.284473111,0.04544,0,0.10976,0.06262
2023-05-30 20:15:00,0.923669778,0.920300111,1.830338111,3.673324333,0.04544,0,0.10976,0.06262
2023-05-30 20:30:00,0.882123394,0.643365449,1.780345713,3.30558819,0.04544,0,0.10976,0.06262
2023-05-30 20:45:00,0.633414385,0.631414274,1.527997223,2.786236157,0.04544,0,0.10976,0.06262
2023-05-30 21:00:00,0.292067556,2.265897,2.345459,4.903433778,0.04544,0,0.10976,0.06262
2023-05-30 21:15:00,0.293049291,2.350418227,2.329932648,4.972816671,0.04544,0,0.10976,0.06262
2023-05-30 21:30:00,0.330910889,2.313052667,2.334870667,4.978895333,0.04544,0,0.10976,0.06262
2023-05-30 21:45:00,0.273282111,2.299269444,2.323678111,4.896707444,0.04544,0,0.10976,0.06262
2023-05-30 22:00:00,0.332308248,2.27150236,0.496676368,3.099145682,0.04544,0,0.10976,0.06262
2023-05-30 22:15:00,0.274758333,2.270123444,0.489683778,3.031747444,0.04544,0,0.10976,0.06262
2023-05-30 22:30:00,0.304769586,2.265394836,0.751403813,3.319319313,0.04544,0,0.10976,0.06262
2023-05-30 22:45:00,0.260834889,2.267634129,0.912388207,3.441586434,0.04544,0,0.10976,0.06262
2023-05-30 23:00:00,0.300309934,2.26603276,0.49,3.053724649,0.04544,0,0.10976,0.06262
2023-05-30 23:15:00,0.270629576,2.285532423,2.269921123,4.82634164,0.04544,0,0.10976,0.06262
2023-05-30 23:30:00,0.273241012,2.287790628,2.341695774,4.902106497,0.04544,0,0.10976,0.06262
2023-05-30 23:45:00,0.310358381,2.282640463,1.912113726,4.506304063,0.04544,0,0.10976,0.06262
2023-05-31 00:00:00,0.270539333,2.270149333,0.400055556,2.944036222,0.04544,0,0.10976,0.06262
2023-05-31 00:15:00,0.306291697,2.276709136,0.801506359,3.386696695,0.04544,0,0.10976,0.06262
2023-05-31 00:30:00,0.286910331,2.270755776,0.62857735,3.188289975,0.04544,0,0.10976,0.06262
2023-05-31 00:45:00,0.318857403,2.275043561,0.641912255,3.238860848,0.04544,0,0.10976,0.06262
2023-05-31 01:00:00,0.291473369,2.269405721,0.427027937,2.990415773,0.04544,0,0.10976,0.06262
2023-05-31 01:15:00,0.317812503,2.282898027,0.678492359,3.280500361,0.04544,0,0.10976,0.06262
2023-05-31 01:30:00,0.285236968,2.279095898,0.796008643,3.362043283,0.04544,0,0.10976,0.06262
2023-05-31 01:45:00,0.332250675,2.278954262,0.661442458,3.275358337,0.04544,0,0.10976,0.06262
2023-05-31 02:00:00,0.254735778,2.278746222,0.628505556,3.165168889,0.04544,0,0.10976,0.06262
2023-05-31 02:15:00,0.246609222,2.270181667,0.650655333,3.168763111,0.04544,0,0.10976,0.06262
2023-05-31 02:30:00,0.279957772,2.265888295,0.777856135,3.323159567,0.04544,0,0.10976,0.06262
2023-05-31 02:45:00,0.242369222,2.268848778,0.763706333,3.274732667,0.04544,0,0.10976,0.06262
2023-05-31 03:00:00,0.370689203,2.356417411,1.458163866,4.187167622,0.04544,0,0.10976,0.06262
2023-05-31 03:15:00,0.390155424,2.335522819,1.121027974,3.8484181,0.04544,0,0.10976,0.06262
2023-05-31 03:30:00,0.428594333,2.056277889,0.351589222,2.839674667,0.04544,0,0.10976,0.06262
2023-05-31 03:45:00,0.390464284,2.047145286,0.355855559,2.794122661,0.04544,0,0.10976,0.06262
2023-05-31 04:00:00,0.292691697,2.042901972,0.368990392,2.701132241,0.04544,0,0.10976,0.06262
2023-05-31 04:15:00,0.216026759,2.045700601,0.360602754,2.623299254,0.04544,0,0.10976,0.06262
2023-05-31 04:30:00,0.215665093,2.047032158,0.343458373,2.608698695,0.04544,0,0.10976,0.06262
2023-05-31 04:45:00,0.253334704,2.047012883,0.369491458,2.667997621,0.04544,0,0.10976,0.06262
2023-05-31 05:00:00,0.215002778,2.047517778,0.363366444,2.627591111,0.04544,0,0.10976,0.06262
2023-05-31 05:15:00,0.252675812,2.033905249,0.277270758,2.563053152,0.04544,0,0.10976,0.06262
2023-05-31 05:30:00,0.223302473,2.038444457,0.28,2.539492526,0.04544,0,0.10976,0.06262
2023-05-31 05:45:00,0.287995778,2.040148889,0.28,2.606911,0.04544,0,0.10976,0.06262
2023-05-31 06:00:00,0.202973444,2.02719271,0.171755834,2.400712929,0.045566388,0,0.078121165,0.06284716
2023-05-31 06:15:00,0.270456743,2.047609017,0.164328224,2.48332181,0.07094465,0,0.060902229,0.065248124
2023-05-31 06:30:00,0.229905816,2.058408876,0.17,2.457295556,0.172388549,0,0.080784431,0.253097975
2023-05-31 06:45:00,0.262480464,2.063601814,0.162020164,2.488613652,0.301157448,0,0.194218169,0.495216212
2023-05-31 07:00:00,0.220401444,2.068688556,0.156373778,2.446736333,0.370411637,0,0.256575393,0.627029894
2023-05-31 07:15:00,0.256543794,2.07056648,0.17,2.497275585,0.515827921,0,0.393461891,0.909083977
2023-05-31 07:30:00,0.22003056,2.084608837,0.167774703,2.4718318,0.532206003,0,0.406185459,0.938305144
2023-05-31 07:45:00,0.220149869,2.09503544,0.150456717,2.463105364,0.638895856,0,0.506474222,1.145695532
2023-05-31 08:00:00,0.258284914,2.088062502,0.17,2.514998722,0.924442936,0,0.772838968,1.697120702
2023-05-31 08:15:00,0.217336593,2.092375993,0.17,2.47922723,0.83026466,0,0.683136026,1.513350941
2023-05-31 08:30:00,0.257061889,2.126694556,0.148423556,2.528573444,1.151369311,0,0.982376297,2.133861131
2023-05-31 08:45:00,0.220222304,2.130807781,0.17,2.522194041,1.265294421,0,1.088461585,2.353908156
2023-05-31 09:00:00,0.258332352,2.320899426,0.984220946,3.562167687,1.392662363,0,1.209815166,2.602296788
2023-05-31 09:15:00,0.220015222,2.379079222,1.043198556,3.639018111,1.492819451,0,1.303759425,2.796451961
2023-05-31 09:30:00,0.255313212,2.183330037,0.168728928,2.605887406,1.77909194,0,1.575377603,3.3545082
2023-05-31 09:45:00,1.371308174,3.316868694,3.905453505,8.593408899,1.276234238,0,1.100517926,2.376729836
2023-05-31 10:00:00,1.61127509,3.542596723,4.462879978,9.616624382,1.888712376,0,1.678987808,3.566905944
2023-05-31 10:15:00,0.950816227,3.167911198,4.886254737,9.004082467,1.24522326,0,1.072523787,2.317958689
2023-05-31 10:30:00,0.808498311,3.13944263,4.954331534,8.900817891,1.597126083,0,1.403428386,2.999686882
2023-05-31 10:45:00,1.048974618,3.619678756,7.515783727,12.18370997,2.125137377,0,1.902351305,4.027783124
2023-05-31 11:00:00,0.854812419,3.633183202,6.507916167,10.99545806,1.862312579,0,1.653665901,3.513759449
2023-05-31 11:15:00,0.8942015,3.680755099,7.109508975,11.6837127,1.66724305,0,1.470049015,3.138278911
2023-05-31 11:30:00,1.088708556,3.936521444,9.007730444,14.03284089,2.217690911,0,1.991691275,4.208506554
2023-05-31 11:45:00,0.912783856,3.758125882,8.791820585,13.46160545,1.715974916,0,1.515448152,3.229991492
2023-05-31 12:00:00,0.835475174,3.729298462,8.725260701,13.2909988,1.037600669,0,0.877655236,1.916525393
2023-05-31 12:15:00,0.865756889,3.692502889,8.716082,13.274435,0.887472451,0,0.734314366,1.62175
2023-05-31 12:30:00,0.934648778,3.720379111,8.798909222,13.45234567,1.948497615,0,1.735108855,3.682172354
2023-05-31 12:45:00,0.816135331,3.589553602,7.196602509,11.6005513,2.216582101,0,1.992571092,4.210098297
2023-05-31 13:00:00,1.979157788,3.709934454,6.825250353,12.51412196,2.151300137,0,1.927392416,4.078640578
2023-05-31 13:15:00,2.199833309,3.604391412,6.727961372,12.53224944,1.619907202,0,1.428202154,3.04794836
2023-05-31 13:30:00,3.099144571,3.840414218,8.781505026,15.7212632,1.171747621,0,1.001985539,2.173681281
2023-05-31 13:45:00,3.969953203,4.144720496,9.290459189,17.40487945,1.116833488,0,0.95099128,2.068147312
2023-05-31 14:00:00,3.723753957,3.624236379,8.783168231,16.13089808,0.965569425,0,0.809461465,1.774348903
2023-05-31 14:15:00,3.883335148,3.951083712,9.305214642,17.13971918,1.37851323,0,1.195278005,2.573373423
2023-05-31 14:30:00,4.026574939,5.38111084,9.41597236,18.82408552,1.569619503,0,1.375846629,2.945583654
2023-05-31 14:45:00,3.885587699,5.55273408,9.870336066,19.30874161,1.43198939,0,1.248662125,2.680853316
2023-05-31 15:00:00,4.03304974,5.764611393,9.780774548,19.57830822,1.395889702,0,1.214190836,2.610433885
2023-05-31 15:15:00,4.143064962,5.839678355,9.770211281,19.75337205,1.29397254,0,1.117387224,2.411570588
2023-05-31 15:30:00,3.791526019,5.559717371,8.864643714,18.21585289,1.235297442,0,1.062637468,2.298563069
2023-05-31 15:45:00,3.794605503,5.550946571,8.391384851,17.73702305,1.121318953,0,0.953190267,2.074964671
2023-05-31 16:00:00,4.02568602,5.701671999,7.80909912,17.53658668,0.680376406,0,0.54246052,1.222496861
2023-05-31 16:15:00,2.739356204,5.353343628,7.128396009,15.22127048,0.628106608,0,0.494351032,1.122441119
2023-05-31 16:30:00,2.445192444,5.454855889,7.673549333,15.57360344,0.495927662,0,0.370971834,0.867179435
2023-05-31 16:45:00,2.274571724,5.382202151,8.043535529,15.70036017,0.417160594,0,0.297405838,0.714609326
2023-05-31 17:00:00,2.038103747,4.883657488,7.62605314,14.54749167,0.296520188,0,0.187206611,0.483771239
2023-05-31 17:15:00,2.020042444,4.607551,7.235176222,13.86276122,0.272677498,0,0.166220094,0.438927582
2023-05-31 17:30:00,1.950209169,4.559003501,7.816966602,14.3263172,0.211830655,0,0.11187238,0.323687132
2023-05-31 17:45:00,1.276409664,4.20521444,7.520454985,13.00210219,0.123159694,0,0.040587389,0.15997586
2023-05-31 18:00:00,0.897339039,4.241278689,6.930839789,12.06924835,0.072395677,0,0.0250469,0.06695249
2023-05-31 18:15:00,1.047578889,4.372031333,7.259254889,12.67857367,0.058736532,0,0.051389365,0.036580719
2023-05-31 18:30:00,0.831085809,4.103610108,6.86302005,11.79749125,0.0592,0,0.05556,0.03359
2023-05-31 18:45:00,0.99217127,4.30322823,7.226416227,12.52216827,0.0592,0,0.05556,0.03359
2023-05-31 19:00:00,0.87321646,4.05815469,5.983404546,10.91546016,0.0592,0,0.05556,0.03359
2023-05-31 19:15:00,0.891514781,3.960258963,5.831974493,10.684636,0.0592,0,0.05556,0.03359
2023-05-31 19:30:00,0.507504111,3.750320513,5.50481658,9.762379238,0.0592,0,0.05556,0.03359
2023-05-31 19:45:00,0.29493325,3.520130832,5.456227449,9.270923602,0.0592,0,0.05556,0.03359
2023-05-31 20:00:00,0.243476812,3.529722855,5.531207553,9.304192613,0.0592,0,0.05556,0.03359
2023-05-31 20:15:00,0.239897319,3.508169069,5.489435363,9.238006823,0.0592,0,0.05556,0.03359
2023-05-31 20:30:00,0.291109444,3.443819111,5.409631111,9.143255667,0.0592,0,0.05556,0.03359
2023-05-31 20:45:00,0.245723208,3.052067276,1.385333156,4.681949038,0.0592,0,0.05556,0.03359
2023-05-31 21:00:00,0.299150791,2.441299639,1.648781672,4.388758456,0.0592,0,0.05556,0.03359
2023-05-31 21:15:00,0.296269164,2.419171666,1.953739279,4.668655624,0.0592,0,0.05556,0.03359
2023-05-31 21:30:00,1.580561156,3.711250236,2.987651792,8.279541762,0.0592,0,0.05556,0.03359
2023-05-31 21:45:00,1.133513778,3.133726222,2.563853556,6.831130667,0.0592,0,0.05556,0.03359
2023-05-31 22:00:00,0.886846246,2.900222696,2.318174757,6.105561408,0.0592,0,0.05556,0.03359
2023-05-31 22:15:00,0.910618606,2.927845265,2.352744349,6.190911302,0.0592,0,0.05556,0.03359
2023-05-31 22:30:00,1.05540439,3.040200056,2.526743762,6.62212559,0.0592,0,0.05556,0.03359
2023-05-31 22:45:00,1.098803222,3.135214778,2.596152778,6.829904111,0.0592,0,0.05556,0.03359
2023-05-31 23:00:00,0.840577701,2.847878727,2.305467382,5.993656735,0.0592,0,0.05556,0.03359
2023-05-31 23:15:00,0.927122444,2.893234333,2.401262222,6.221385667,0.0592,0,0.05556,0.03359
2023-05-31 23:30:00,1.087071867,3.115295235,2.685799718,6.887785431,0.0592,0,0.05556,0.03359
2023-05-31 23:45:00,0.887281912,2.897451848,2.340064018,6.124935038,0.0592,0,0.05556,0.03359
